"Species","Type","Orthologue","Target %id","Query %id","GOC Score","WGA Coverage","High Confidence"
"Aegilops umbellulata","1-to-1 View Gene Tree","AeUmb.TA1851.r1.5UG0049610 Compare Regions (5U_TA1851:588,801,001-588,803,232:1) View Sequence Alignments","76.03 %","80.73 %","n/a","12.48","No"
"Amborella trichopoda","1-to-many View Gene Tree","AMTR_s00047p00149040 Compare Regions (AmTr_v1.0_scaffold00047:2,201,250-2,202,683:1) View Sequence Alignments","61.84 %","53.64 %","n/a","93.76","Yes"
"Ananas comosus","Many-to-many View Gene Tree","Aco018358.1.path1 Compare Regions (contig8:11,820,286-11,825,259:-1) View Sequence Alignments","65.27 %","68.00 %","n/a","0.00","No"
"Ananas comosus","Many-to-many View Gene Tree","Aco030807.1.path1 Compare Regions (contig8:11,820,286-11,824,410:-1) View Sequence Alignments","70.62 %","70.36 %","n/a","0.00","No"
"Arabidopsis halleri","Many-to-many View Gene Tree","g01180 Compare Regions (FJVB01000002.1:1,175,367-1,183,035:-1) View Sequence Alignments","21.02 %","51.64 %","n/a","65.91","No"
"Arabidopsis halleri","Many-to-many View Gene Tree","g13513 Compare Regions (FJVB01000036.1:883,289-885,355:1) View Sequence Alignments","60.83 %","61.27 %","n/a","98.56","Yes"
"Arabidopsis halleri","Many-to-many View Gene Tree","g22169 Compare Regions (FJVB01000110.1:113,117-115,161:-1) View Sequence Alignments","57.38 %","62.18 %","n/a","91.27","Yes"
"Arabidopsis lyrata","Many-to-many View Gene Tree","Al_scaffold_0002_2330 Compare Regions (2:17,080,249-17,082,238:-1) View Sequence Alignments","51.37 %","51.27 %","n/a","0.00","No"
"Arabidopsis lyrata","Many-to-many View Gene Tree","fgenesh2_kg.1__2240__AT1G20560.1 Compare Regions (1:8,782,100-8,784,239:-1) View Sequence Alignments","60.36 %","60.91 %","n/a","96.02","Yes"
"Arabidopsis lyrata","Many-to-many View Gene Tree","fgenesh2_kg.3__3358__AT2G17650.1 Compare Regions (3:22,180,837-22,182,802:1) View Sequence Alignments","57.55 %","62.36 %","n/a","0.00","No"
"Arabidopsis thaliana","Many-to-many View Gene Tree","AAE1  (AT1G20560) Compare Regions (1:7,119,671-7,121,871:-1) View Sequence Alignments","60.25 %","60.91 %","n/a","96.54","Yes"
"Arabidopsis thaliana","Many-to-many View Gene Tree","AT1G76290  (AT1G76290) Compare Regions (1:28,623,398-28,625,408:-1) View Sequence Alignments","51.28 %","50.91 %","n/a","0.00","No"
"Arabidopsis thaliana","Many-to-many View Gene Tree","AT2G17650  (AT2G17650) Compare Regions (2:7,670,878-7,673,152:1) View Sequence Alignments","56.22 %","61.64 %","n/a","0.00","No"
"Arabis alpina","Many-to-many View Gene Tree","AALP_AA1G223900 Compare Regions (1:15,439,246-15,441,224:-1) View Sequence Alignments","61.52 %","61.64 %","n/a","n/a","No"
"Arabis alpina","Many-to-many View Gene Tree","AALP_AA2G204800 Compare Regions (2:24,979,618-24,981,904:-1) View Sequence Alignments","51.26 %","48.18 %","n/a","n/a","No"
"Arabis alpina","Many-to-many View Gene Tree","AALP_AA3G336100 Compare Regions (3:25,073,755-25,076,129:1) View Sequence Alignments","59.68 %","61.09 %","n/a","n/a","No"
"Arachis hypogaea","Many-to-many View Gene Tree","arahy.Tifrunner.gnm2.ann2.Ah01g105000 Compare Regions (CM064396.1:12,036,998-12,041,090:-1) View Sequence Alignments","56.32 %","60.73 %","n/a","n/a","No"
"Arachis hypogaea","Many-to-many View Gene Tree","arahy.Tifrunner.gnm2.ann2.Ah05g038300 Compare Regions (CM064400.1:4,005,083-4,019,822:-1) View Sequence Alignments","44.88 %","45.45 %","n/a","n/a","No"
"Arachis hypogaea","Many-to-many View Gene Tree","arahy.Tifrunner.gnm2.ann2.Ah09g190400 Compare Regions (CM064404.1:38,407,709-38,408,950:1) View Sequence Alignments","43.53 %","22.00 %","n/a","n/a","No"
"Arachis hypogaea","Many-to-many View Gene Tree","arahy.Tifrunner.gnm2.ann2.Ah12g150900 Compare Regions (CM064407.1:23,063,144-23,064,328:-1) View Sequence Alignments","38.74 %","13.45 %","n/a","n/a","No"
"Arachis hypogaea","Many-to-many View Gene Tree","arahy.Tifrunner.gnm2.ann2.Ah15g038300 Compare Regions (CM064410.1:4,005,083-4,019,822:-1) View Sequence Alignments","44.88 %","45.45 %","n/a","n/a","No"
"Arachis hypogaea","Many-to-many View Gene Tree","arahy.Tifrunner.gnm2.ann2.Ah15g140400 Compare Regions (CM064410.1:17,647,297-17,650,258:1) View Sequence Alignments","53.31 %","62.91 %","n/a","n/a","No"
"Arachis hypogaea","Many-to-many View Gene Tree","arahy.Tifrunner.gnm2.ann2.Ah16g192600 Compare Regions (CM064411.1:29,803,930-29,804,617:1) View Sequence Alignments","41.75 %","14.73 %","n/a","n/a","No"
"Arachis hypogaea","Many-to-many View Gene Tree","arahy.Tifrunner.gnm2.ann2.Ah16g486800 Compare Regions (CM064411.1:144,943,380-144,943,915:-1) View Sequence Alignments","48.55 %","15.27 %","n/a","n/a","No"
"Arachis hypogaea","Many-to-many View Gene Tree","arahy.Tifrunner.gnm2.ann2.Ah18g146600 Compare Regions (CM064413.1:17,286,135-17,286,417:-1) View Sequence Alignments","44.83 %","7.09 %","n/a","n/a","No"
"Arachis hypogaea","Many-to-many View Gene Tree","arahy.Tifrunner.gnm2.ann2.Ah18g146700 Compare Regions (CM064413.1:17,286,433-17,291,327:-1) View Sequence Alignments","16.18 %","13.09 %","n/a","n/a","No"
"Arachis hypogaea","Many-to-many View Gene Tree","arahy.Tifrunner.gnm2.ann2.Ah20g009900 Compare Regions (CM064415.1:849,361-854,873:1) View Sequence Alignments","56.63 %","60.55 %","n/a","n/a","No"
"Avena sativa OT3098","1-to-many View Gene Tree","AVESA.00001b.r3.1Dg0003439 Compare Regions (1D:466,136,676-466,138,582:-1) View Sequence Alignments","82.33 %","82.18 %","n/a","99.94","Yes"
"Avena sativa OT3098","1-to-many View Gene Tree","AVESA.00001b.r3.4Ag0002459 Compare Regions (4A:348,190,611-348,192,644:-1) View Sequence Alignments","80.21 %","82.55 %","n/a","98.54","Yes"
"Avena sativa OT3098","1-to-many View Gene Tree","AVESA.00001b.r3.4Cg0001058 Compare Regions (4C:77,373,067-77,375,172:-1) View Sequence Alignments","80.95 %","83.45 %","n/a","99.27","Yes"
"Avena sativa Sang","1-to-1 View Gene Tree","AVESA.00010b.r2.1DG0126140 Compare Regions (1D:452,517,478-452,519,314:-1) View Sequence Alignments","82.33 %","82.18 %","n/a","91.19","Yes"
"Avena sativa Sang","1-to-1 View Gene Tree","AVESA.00010b.r2.4AG0626470 Compare Regions (4A:350,691,195-350,693,768:-1) View Sequence Alignments","82.70 %","82.55 %","n/a","82.36","Yes"
"Avena sativa Sang","1-to-many View Gene Tree","AVESA.00010b.r2.4CG1273550 Compare Regions (4C:84,165,285-84,167,083:-1) View Sequence Alignments","83.76 %","83.45 %","n/a","96.58","Yes"
"Avena sativa Sang","1-to-many View Gene Tree","AVESA.00010b.r2.4CG1273590 Compare Regions (4C:84,250,908-84,252,095:1) View Sequence Alignments","83.78 %","50.73 %","n/a","87.13","Yes"
"Beta vulgaris","Many-to-many View Gene Tree","BVRB_1g021160 Compare Regions (Bvchr1_un.sca005:1,075,796-1,081,920:1) View Sequence Alignments","63.96 %","64.55 %","n/a","0.00","No"
"Beta vulgaris","Many-to-many View Gene Tree","BVRB_1g021210 Compare Regions (Bvchr1_un.sca005:1,287,724-1,293,898:1) View Sequence Alignments","65.88 %","66.00 %","n/a","85.26","Yes"
"Beta vulgaris","Many-to-many View Gene Tree","BVRB_6g152180 Compare Regions (6:56,617,685-56,630,689:1) View Sequence Alignments","47.38 %","60.73 %","n/a","74.38","Yes"
"Beta vulgaris","Many-to-many View Gene Tree","BVRB_6g152200 Compare Regions (6:56,637,356-56,648,810:-1) View Sequence Alignments","26.25 %","42.91 %","n/a","0.00","No"
"Brachypodium distachyon","1-to-1 View Gene Tree","BRADI_1g76170v3 Compare Regions (1:73,077,201-73,078,889:1) View Sequence Alignments","77.40 %","79.09 %","n/a","100.00","Yes"
"Brassica juncea","Many-to-many View Gene Tree","BjuA06g28390S Compare Regions (A06:27,554,376-27,556,160:1) View Sequence Alignments","61.23 %","61.45 %","n/a","n/a","No"
"Brassica juncea","Many-to-many View Gene Tree","BjuA07g02740S Compare Regions (A07:2,479,529-2,481,658:-1) View Sequence Alignments","56.40 %","60.91 %","n/a","n/a","No"
"Brassica juncea","Many-to-many View Gene Tree","BjuB03g03920S Compare Regions (B03:5,950,589-5,953,020:-1) View Sequence Alignments","55.46 %","60.00 %","n/a","n/a","No"
"Brassica juncea","Many-to-many View Gene Tree","BjuB04g24860S Compare Regions (B04:38,682,917-38,685,431:1) View Sequence Alignments","60.90 %","61.45 %","n/a","n/a","No"
"Brassica napus","Many-to-many View Gene Tree","BnaA07g02760D  (GSBRNA2T00026560001) Compare Regions (LK032157:376,416-378,348:1) View Sequence Alignments","57.09 %","60.73 %","n/a","94.17","Yes"
"Brassica napus","Many-to-many View Gene Tree","BnaCnng43930D  (GSBRNA2T00041247001) Compare Regions (LK034469:23,536-25,458:1) View Sequence Alignments","56.28 %","61.09 %","n/a","96.20","Yes"
"Brassica napus","Many-to-many View Gene Tree","BnaA06g14470D  (GSBRNA2T00043219001) Compare Regions (LK032238:435,729-437,856:1) View Sequence Alignments","61.41 %","61.64 %","n/a","98.45","Yes"
"Brassica napus","Many-to-many View Gene Tree","BnaC05g15870D  (GSBRNA2T00047754001) Compare Regions (LK032273:144,803-146,810:-1) View Sequence Alignments","61.82 %","61.82 %","n/a","0.00","No"
"Brassica oleracea","Many-to-many View Gene Tree","Bo5g030410 Compare Regions (C5:10,318,188-10,320,091:-1) View Sequence Alignments","59.03 %","61.82 %","n/a","96.35","Yes"
"Brassica oleracea","Many-to-many View Gene Tree","Bo7g014250 Compare Regions (C7:4,867,343-4,869,209:-1) View Sequence Alignments","56.28 %","61.09 %","n/a","96.21","Yes"
"Brassica rapa R-o-18","1-to-many View Gene Tree","A07p004630.1_BraROA Compare Regions (A07:2,751,021-2,752,881:1) View Sequence Alignments","56.62 %","61.45 %","n/a","n/a","No"
"Cajanus cajan (pigeon pea) - GCA_000340665.1","Many-to-many View Gene Tree","C.cajan_12465 Compare Regions (6:15,410,484-15,411,113:1) View Sequence Alignments","46.89 %","17.82 %","n/a","n/a","No"
"Cajanus cajan (pigeon pea) - GCA_000340665.1","Many-to-many View Gene Tree","C.cajan_24032 Compare Regions (KQ483421.1:305,285-307,117:1) View Sequence Alignments","63.16 %","63.27 %","n/a","n/a","No"
"Cajanus cajan (pigeon pea) - GCA_000340665.1","Many-to-many View Gene Tree","C.cajan_31733 Compare Regions (KQ483549.1:380,797-384,695:-1) View Sequence Alignments","57.19 %","60.73 %","n/a","n/a","No"
"Camelina sativa","Many-to-many View Gene Tree","Csa01g032080 Compare Regions (1:14,536,649-14,538,769:-1) View Sequence Alignments","57.05 %","61.82 %","n/a","90.96","Yes"
"Camelina sativa","Many-to-many View Gene Tree","Csa03g024380 Compare Regions (3:9,317,288-9,319,522:-1) View Sequence Alignments","45.36 %","56.91 %","n/a","67.98","Yes"
"Camelina sativa","Many-to-many View Gene Tree","Csa07g047830 Compare Regions (7:24,585,502-24,587,551:-1) View Sequence Alignments","48.70 %","47.64 %","n/a","86.30","Yes"
"Camelina sativa","Many-to-many View Gene Tree","Csa09g081000 Compare Regions (9:30,714,908-30,716,936:-1) View Sequence Alignments","49.35 %","48.36 %","n/a","87.46","Yes"
"Camelina sativa","Many-to-many View Gene Tree","Csa14g025770 Compare Regions (14:9,912,180-9,915,082:-1) View Sequence Alignments","60.44 %","60.55 %","n/a","0.00","No"
"Camelina sativa","Many-to-many View Gene Tree","Csa15g075940 Compare Regions (15:26,294,603-26,297,047:1) View Sequence Alignments","56.22 %","61.64 %","n/a","85.93","Yes"
"Camelina sativa","Many-to-many View Gene Tree","Csa17g026370 Compare Regions (17:9,525,403-9,527,247:-1) View Sequence Alignments","61.16 %","61.27 %","n/a","93.89","Yes"
"Camelina sativa","Many-to-many View Gene Tree","Csa19g054510 Compare Regions (19:24,204,864-24,207,052:1) View Sequence Alignments","56.69 %","61.64 %","n/a","89.80","Yes"
"Cannabis sativa female","Many-to-many View Gene Tree","evm.TU.01.16 Compare Regions (1:180,454-185,534:1) View Sequence Alignments","26.62 %","46.36 %","n/a","76.12","Yes"
"Cannabis sativa female","Many-to-many View Gene Tree","evm.TU.01.20 Compare Regions (1:252,592-261,842:1) View Sequence Alignments","29.29 %","55.27 %","n/a","73.41","Yes"
"Cannabis sativa female","Many-to-many View Gene Tree","evm.TU.01.23 Compare Regions (1:276,391-286,978:1) View Sequence Alignments","22.48 %","42.55 %","n/a","10.02","No"
"Cannabis sativa female","Many-to-many View Gene Tree","evm.TU.06.1977 Compare Regions (6:92,533,808-92,536,434:-1) View Sequence Alignments","54.77 %","59.45 %","n/a","16.27","No"
"Cannabis sativa female","Many-to-many View Gene Tree","novel_gene_1061_5bd9a17a Compare Regions (1:70,648,169-70,651,322:1) View Sequence Alignments","63.81 %","65.09 %","n/a","95.30","Yes"
"Cannabis sativa female","Many-to-many View Gene Tree","novel_gene_14_5bd9a17a Compare Regions (1:206,783-214,885:1) View Sequence Alignments","38.91 %","45.27 %","n/a","12.58","No"
"Capsicum annuum","Many-to-many View Gene Tree","T459_01009 Compare Regions (1:26,935,706-26,939,227:1) View Sequence Alignments","64.21 %","64.91 %","n/a","n/a","No"
"Capsicum annuum","Many-to-many View Gene Tree","T459_04394 Compare Regions (2:55,274,230-55,276,586:1) View Sequence Alignments","54.02 %","25.64 %","n/a","n/a","No"
"Capsicum annuum","Many-to-many View Gene Tree","T459_04395 Compare Regions (2:55,276,619-55,282,004:1) View Sequence Alignments","24.47 %","14.73 %","n/a","n/a","No"
"Capsicum annuum","Many-to-many View Gene Tree","T459_04398 Compare Regions (2:56,309,261-56,319,257:1) View Sequence Alignments","54.55 %","60.00 %","n/a","n/a","No"
"Capsicum annuum","Many-to-many View Gene Tree","T459_04399 Compare Regions (2:56,759,638-56,759,973:1) View Sequence Alignments","31.53 %","6.36 %","n/a","0.00","No"
"Capsicum annuum","Many-to-many View Gene Tree","T459_06175 Compare Regions (2:152,757,995-152,778,619:1) View Sequence Alignments","45.89 %","46.73 %","n/a","86.64","Yes"
"Capsicum annuum","Many-to-many View Gene Tree","T459_06178 Compare Regions (2:152,802,049-152,808,415:-1) View Sequence Alignments","56.77 %","62.55 %","n/a","n/a","No"
"Capsicum annuum","Many-to-many View Gene Tree","T459_06179 Compare Regions (2:152,814,245-152,814,847:-1) View Sequence Alignments","49.37 %","14.18 %","n/a","82.58","No"
"Capsicum annuum","Many-to-many View Gene Tree","T459_06180 Compare Regions (2:152,817,351-152,829,393:-1) View Sequence Alignments","60.99 %","60.55 %","n/a","n/a","No"
"Capsicum annuum","Many-to-many View Gene Tree","T459_06181 Compare Regions (2:152,833,795-152,834,268:-1) View Sequence Alignments","66.24 %","18.91 %","n/a","n/a","No"
"Capsicum annuum","Many-to-many View Gene Tree","T459_06182 Compare Regions (2:152,836,911-152,839,439:-1) View Sequence Alignments","54.55 %","61.09 %","n/a","n/a","No"
"Capsicum annuum","Many-to-many View Gene Tree","T459_10863 Compare Regions (3:279,650,907-279,654,936:1) View Sequence Alignments","55.32 %","60.55 %","n/a","n/a","No"
"Capsicum annuum","Many-to-many View Gene Tree","T459_11511 Compare Regions (4:13,971,413-13,975,689:1) View Sequence Alignments","57.82 %","61.82 %","n/a","n/a","No"
"Capsicum annuum","Many-to-many View Gene Tree","T459_19747 Compare Regions (7:181,655,758-181,657,649:1) View Sequence Alignments","56.32 %","60.73 %","n/a","n/a","No"
"Capsicum annuum","Many-to-many View Gene Tree","T459_19963 Compare Regions (7:209,780,964-209,781,488:1) View Sequence Alignments","64.37 %","20.36 %","n/a","n/a","No"
"Capsicum annuum","Many-to-many View Gene Tree","T459_32903 Compare Regions (PGAv.1.6.scaffold1006:701,621-706,130:1) View Sequence Alignments","63.39 %","63.27 %","n/a","n/a","No"
"Capsicum annuum","Many-to-many View Gene Tree","T459_34067 Compare Regions (PGAv.1.6.scaffold1427:328,933-333,860:-1) View Sequence Alignments","64.86 %","65.09 %","n/a","n/a","No"
"Capsicum annuum","Many-to-many View Gene Tree","T459_35196 Compare Regions (PGAv.1.6.scaffold2378:12,428-28,107:1) View Sequence Alignments","28.71 %","21.09 %","n/a","n/a","No"
"Chenopodium quinoa","Many-to-many View Gene Tree","AUR62007322 Compare Regions (C_Quinoa_Scaffold_1971:4,005,741-4,010,340:1) View Sequence Alignments","52.78 %","53.45 %","n/a","n/a","No"
"Chenopodium quinoa","Many-to-many View Gene Tree","AUR62018683 Compare Regions (C_Quinoa_Scaffold_1817:863,402-866,581:-1) View Sequence Alignments","52.75 %","57.45 %","n/a","n/a","No"
"Chenopodium quinoa","Many-to-many View Gene Tree","AUR62026163 Compare Regions (C_Quinoa_Scaffold_3298:29,232-34,709:1) View Sequence Alignments","58.27 %","52.55 %","n/a","n/a","No"
"Chenopodium quinoa","Many-to-many View Gene Tree","AUR62026167 Compare Regions (C_Quinoa_Scaffold_3298:97,615-99,069:-1) View Sequence Alignments","41.32 %","36.36 %","n/a","n/a","No"
"Chenopodium quinoa","Many-to-many View Gene Tree","AUR62036862 Compare Regions (C_Quinoa_Scaffold_3356:464,777-466,210:1) View Sequence Alignments","63.73 %","55.27 %","n/a","n/a","No"
"Chenopodium quinoa","Many-to-many View Gene Tree","AUR62036867 Compare Regions (C_Quinoa_Scaffold_3356:515,664-519,765:1) View Sequence Alignments","62.52 %","63.09 %","n/a","n/a","No"
"Chenopodium quinoa","Many-to-many View Gene Tree","AUR62036870 Compare Regions (C_Quinoa_Scaffold_3356:560,198-564,510:1) View Sequence Alignments","62.54 %","63.45 %","n/a","n/a","No"
"Chenopodium quinoa","Many-to-many View Gene Tree","AUR62040793 Compare Regions (C_Quinoa_Scaffold_1283:9,979-11,409:1) View Sequence Alignments","63.47 %","43.27 %","n/a","n/a","No"
"Chenopodium quinoa","Many-to-many View Gene Tree","AUR62044376 Compare Regions (C_Quinoa_Scaffold_4323:41,769-43,712:1) View Sequence Alignments","61.48 %","48.18 %","n/a","n/a","No"
"Citrullus lanatus","Many-to-many View Gene Tree","Cla97C01G020350 Compare Regions (1:33,032,005-33,034,109:-1) View Sequence Alignments","58.33 %","62.36 %","n/a","78.76","Yes"
"Citrullus lanatus","Many-to-many View Gene Tree","Cla97C10G184900 Compare Regions (10:410,795-417,072:-1) View Sequence Alignments","45.93 %","45.09 %","n/a","0.00","No"
"Citrullus lanatus","Many-to-many View Gene Tree","Cla97C11G224770 Compare Regions (11:30,436,946-30,440,985:-1) View Sequence Alignments","61.10 %","64.55 %","n/a","95.03","Yes"
"Citrullus lanatus","Many-to-many View Gene Tree","Cla97C11G224780 Compare Regions (11:30,442,907-30,445,078:-1) View Sequence Alignments","61.69 %","62.36 %","n/a","0.00","No"
"Citrus clementina","Many-to-many View Gene Tree","CICLE_v10000755mg Compare Regions (KI536799:42,639,614-42,642,099:-1) View Sequence Alignments","65.58 %","65.82 %","n/a","100.00","Yes"
"Citrus clementina","Many-to-many View Gene Tree","CICLE_v10025227mg Compare Regions (KI536925:343,772-346,618:-1) View Sequence Alignments","59.56 %","64.00 %","n/a","83.76","Yes"
"Citrus clementina","Many-to-many View Gene Tree","CICLE_v10027208mg Compare Regions (KI536925:359,259-362,043:-1) View Sequence Alignments","48.58 %","49.64 %","n/a","87.29","Yes"
"Coffea canephora","Many-to-many View Gene Tree","GSCOC_T00002073001 Compare Regions (scaffold_688:18,403-18,765:-1) View Sequence Alignments","35.00 %","7.64 %","n/a","0.00","No"
"Coffea canephora","Many-to-many View Gene Tree","GSCOC_T00008809001 Compare Regions (scaffold_13119:1,473-2,027:-1) View Sequence Alignments","63.23 %","17.82 %","n/a","0.00","No"
"Coffea canephora","Many-to-many View Gene Tree","GSCOC_T00013223001 Compare Regions (1:5,469,896-5,471,229:-1) View Sequence Alignments","55.34 %","31.09 %","n/a","0.00","No"
"Coffea canephora","Many-to-many View Gene Tree","GSCOC_T00019311001 Compare Regions (1:3,966,761-3,967,591:-1) View Sequence Alignments","51.45 %","25.82 %","n/a","0.00","No"
"Coffea canephora","Many-to-many View Gene Tree","GSCOC_T00019312001 Compare Regions (1:3,970,226-3,970,594:-1) View Sequence Alignments","37.70 %","8.36 %","n/a","0.00","No"
"Coffea canephora","Many-to-many View Gene Tree","GSCOC_T00036979001 Compare Regions (7:8,564,295-8,567,795:-1) View Sequence Alignments","64.02 %","61.45 %","n/a","87.95","Yes"
"Coffea canephora","Many-to-many View Gene Tree","GSCOC_T00036986001 Compare Regions (7:8,521,108-8,525,500:-1) View Sequence Alignments","48.01 %","48.18 %","n/a","96.06","Yes"
"Coffea canephora","Many-to-many View Gene Tree","GSCOC_T00037878001 Compare Regions (1:2,525,547-2,530,112:1) View Sequence Alignments","59.29 %","39.45 %","n/a","82.09","Yes"
"Corchorus capsularis","Many-to-many View Gene Tree","CCACVL1_02129 Compare Regions (contig05620:2,549-4,652:1) View Sequence Alignments","58.78 %","63.27 %","n/a","83.74","Yes"
"Corchorus capsularis","Many-to-many View Gene Tree","CCACVL1_04509 Compare Regions (contig07225:34,527-37,210:-1) View Sequence Alignments","66.67 %","67.27 %","n/a","98.56","Yes"
"Corchorus capsularis","Many-to-many View Gene Tree","CCACVL1_27058 Compare Regions (contig14597:8,520-15,504:1) View Sequence Alignments","27.99 %","45.09 %","n/a","0.00","No"
"Corylus avellana","Many-to-many View Gene Tree","Cav01g18510 Compare Regions (ca1:25,954,683-25,959,295:-1) View Sequence Alignments","42.90 %","46.73 %","n/a","n/a","No"
"Corylus avellana","Many-to-many View Gene Tree","Cav02g01040 Compare Regions (ca2:1,070,201-1,077,983:-1) View Sequence Alignments","33.78 %","64.73 %","n/a","n/a","No"
"Corymbia citriodora","Many-to-many View Gene Tree","gene-BT93_E1705 Compare Regions (5:26,695,743-26,697,708:-1) View Sequence Alignments","40.34 %","34.91 %","n/a","n/a","No"
"Corymbia citriodora","Many-to-many View Gene Tree","gene-BT93_E1731 Compare Regions (5:27,794,861-27,797,374:1) View Sequence Alignments","41.78 %","37.45 %","n/a","n/a","No"
"Corymbia citriodora","Many-to-many View Gene Tree","gene-BT93_E1732 Compare Regions (5:27,874,727-27,876,442:1) View Sequence Alignments","43.51 %","37.82 %","n/a","n/a","No"
"Corymbia citriodora","Many-to-many View Gene Tree","gene-BT93_E1733 Compare Regions (5:27,910,837-27,912,574:1) View Sequence Alignments","42.48 %","38.00 %","n/a","n/a","No"
"Corymbia citriodora","Many-to-many View Gene Tree","gene-BT93_E1734 Compare Regions (5:27,916,522-27,919,201:-1) View Sequence Alignments","62.62 %","61.82 %","n/a","n/a","No"
"Corymbia citriodora","Many-to-many View Gene Tree","gene-BT93_E1735 Compare Regions (5:27,926,906-27,928,440:-1) View Sequence Alignments","69.46 %","21.09 %","n/a","n/a","No"
"Corymbia citriodora","Many-to-many View Gene Tree","gene-BT93_E1736 Compare Regions (5:27,928,234-27,930,073:-1) View Sequence Alignments","60.22 %","39.09 %","n/a","n/a","No"
"Corymbia citriodora","Many-to-many View Gene Tree","gene-BT93_E1737 Compare Regions (5:27,958,028-27,960,764:-1) View Sequence Alignments","56.88 %","61.64 %","n/a","n/a","No"
"Corymbia citriodora","Many-to-many View Gene Tree","gene-BT93_F0425 Compare Regions (6:4,108,201-4,128,099:1) View Sequence Alignments","44.28 %","42.91 %","n/a","n/a","No"
"Corymbia citriodora","Many-to-many View Gene Tree","gene-BT93_H1310 Compare Regions (8:17,287,495-17,287,956:1) View Sequence Alignments","69.93 %","19.45 %","n/a","n/a","No"
"Corymbia citriodora","Many-to-many View Gene Tree","gene-BT93_H1311 Compare Regions (8:17,293,360-17,295,997:-1) View Sequence Alignments","45.66 %","41.09 %","n/a","n/a","No"
"Corymbia citriodora","Many-to-many View Gene Tree","gene-BT93_L0707 Compare Regions (MU089761.1:15,172-16,896:-1) View Sequence Alignments","61.65 %","61.09 %","n/a","n/a","No"
"Corymbia citriodora","Many-to-many View Gene Tree","gene-BT93_L0708 Compare Regions (MU089761.1:20,603-24,773:-1) View Sequence Alignments","65.12 %","66.55 %","n/a","n/a","No"
"Corymbia citriodora","Many-to-many View Gene Tree","gene-BT93_L2368 Compare Regions (MU090362.1:6,906-8,926:-1) View Sequence Alignments","43.76 %","42.73 %","n/a","n/a","No"
"Corymbia citriodora","Many-to-many View Gene Tree","gene-BT93_L4068 Compare Regions (MU092491.1:4,450-4,893:1) View Sequence Alignments","53.66 %","8.00 %","n/a","n/a","No"
"Corymbia citriodora","Many-to-many View Gene Tree","gene-BT93_L5509 Compare Regions (MU089613.1:44,472-46,285:1) View Sequence Alignments","44.20 %","40.18 %","n/a","n/a","No"
"Corymbia citriodora","Many-to-many View Gene Tree","gene-BT93_L5511 Compare Regions (MU089613.1:123,437-125,371:1) View Sequence Alignments","45.29 %","40.18 %","n/a","n/a","No"
"Cucumis melo","Many-to-many View Gene Tree","MELO3C007967.2 Compare Regions (contig9:6,452,554-6,455,301:-1) View Sequence Alignments","56.63 %","60.55 %","n/a","84.18","Yes"
"Cucumis melo","Many-to-many View Gene Tree","MELO3C013735.2 Compare Regions (contig7:30,815,248-30,820,282:-1) View Sequence Alignments","46.58 %","45.82 %","n/a","75.27","Yes"
"Cucumis melo","Many-to-many View Gene Tree","MELO3C017017.2 Compare Regions (contig8:402,130-404,588:1) View Sequence Alignments","63.59 %","63.82 %","n/a","97.21","Yes"
"Cucumis melo","Many-to-many View Gene Tree","MELO3C017018.2 Compare Regions (contig8:398,488-400,616:1) View Sequence Alignments","61.83 %","62.73 %","n/a","0.00","No"
"Cucumis sativus","Many-to-many View Gene Tree","Csa_3G002400 Compare Regions (3:295,569-297,029:-1) View Sequence Alignments","46.60 %","39.82 %","n/a","0.00","No"
"Cucumis sativus","Many-to-many View Gene Tree","Csa_4G658530 Compare Regions (4:22,948,969-22,951,491:-1) View Sequence Alignments","63.60 %","64.18 %","n/a","97.22","Yes"
"Cucumis sativus","Many-to-many View Gene Tree","Csa_4G658540 Compare Regions (4:22,953,776-22,955,887:-1) View Sequence Alignments","61.54 %","62.55 %","n/a","13.84","No"
"Cucumis sativus","Many-to-many View Gene Tree","Csa_6G509050 Compare Regions (6:26,102,502-26,105,297:-1) View Sequence Alignments","56.63 %","60.55 %","n/a","94.40","Yes"
"Cynara cardunculus","Many-to-many View Gene Tree","Ccrd_005886 Compare Regions (scaffold_8011:11,868-17,287:1) View Sequence Alignments","36.76 %","24.73 %","n/a","n/a","No"
"Cynara cardunculus","Many-to-many View Gene Tree","Ccrd_013926 Compare Regions (scaffold_131:374,244-375,644:1) View Sequence Alignments","64.81 %","54.91 %","n/a","n/a","No"
"Cynara cardunculus","Many-to-many View Gene Tree","Ccrd_016519 Compare Regions (scaffold_13:108,961-111,326:-1) View Sequence Alignments","55.43 %","55.64 %","n/a","n/a","No"
"Cynara cardunculus","Many-to-many View Gene Tree","Ccrd_018719 Compare Regions (scaffold_1798:59,191-73,910:1) View Sequence Alignments","45.23 %","45.64 %","n/a","n/a","No"
"Cynara cardunculus","Many-to-many View Gene Tree","Ccrd_018731 Compare Regions (scaffold_4635:9,486-13,258:1) View Sequence Alignments","56.73 %","60.55 %","n/a","n/a","No"
"Cynara cardunculus","Many-to-many View Gene Tree","Ccrd_025357 Compare Regions (scaffold_3484:10,850-14,874:-1) View Sequence Alignments","49.36 %","56.18 %","n/a","n/a","No"
"Cynara cardunculus","Many-to-many View Gene Tree","Ccrd_026780 Compare Regions (scaffold_9144:4,118-9,883:-1) View Sequence Alignments","43.27 %","35.09 %","n/a","n/a","No"
"Daucus carota","Many-to-many View Gene Tree","DCAR_013914 Compare Regions (4:26,418,176-26,420,271:1) View Sequence Alignments","60.55 %","60.55 %","n/a","84.96","Yes"
"Daucus carota","Many-to-many View Gene Tree","DCAR_013915 Compare Regions (4:26,413,669-26,416,735:1) View Sequence Alignments","63.67 %","64.36 %","n/a","0.00","No"
"Daucus carota","Many-to-many View Gene Tree","DCAR_027623 Compare Regions (8:21,118,781-21,122,442:-1) View Sequence Alignments","49.63 %","48.91 %","n/a","91.74","Yes"
"Daucus carota","Many-to-many View Gene Tree","DCAR_032124 Compare Regions (DCARv2_S3928.1:1,660-4,473:1) View Sequence Alignments","55.88 %","20.73 %","n/a","0.00","No"
"Dioscorea rotundata","Many-to-many View Gene Tree","DRNTG_06944 Compare Regions (2:5,754,892-5,758,978:-1) View Sequence Alignments","64.78 %","64.55 %","n/a","99.76","Yes"
"Dioscorea rotundata","Many-to-many View Gene Tree","DRNTG_06945 Compare Regions (2:5,755,264-5,756,876:-1) View Sequence Alignments","66.25 %","57.45 %","n/a","93.76","Yes"
"Echinochloa crus-galli","1-to-many View Gene Tree","scaffold104.118 Compare Regions (BH01:52,937,421-52,939,169:1) View Sequence Alignments","80.73 %","80.73 %","n/a","4.66","No"
"Echinochloa crus-galli","1-to-many View Gene Tree","scaffold293.53 Compare Regions (CH01:55,216,839-55,223,552:1) View Sequence Alignments","36.55 %","77.09 %","n/a","72.95","Yes"
"Echinochloa crus-galli","1-to-many View Gene Tree","scaffold52.159 Compare Regions (AH01:64,633,463-64,635,488:-1) View Sequence Alignments","78.32 %","79.45 %","n/a","98.86","Yes"
"Eragrostis curvula","1-to-many View Gene Tree","EJB05_08115 Compare Regions (5:43,687,277-43,689,035:1) View Sequence Alignments","83.42 %","83.27 %","n/a","14.70","No"
"Eragrostis curvula","1-to-many View Gene Tree","EJB05_08117 Compare Regions (5:43,691,911-43,696,191:1) View Sequence Alignments","49.71 %","78.91 %","n/a","84.35","Yes"
"Eucalyptus grandis","Many-to-many View Gene Tree","EUGRSUZ_F01768 Compare Regions (KK198758:22,970,118-22,973,681:-1) View Sequence Alignments","66.01 %","67.45 %","n/a","n/a","No"
"Eucalyptus grandis","Many-to-many View Gene Tree","EUGRSUZ_I02233 Compare Regions (KK198761:32,164,168-32,166,783:1) View Sequence Alignments","57.17 %","61.64 %","n/a","n/a","No"
"Eucalyptus grandis","Many-to-many View Gene Tree","EUGRSUZ_I02237 Compare Regions (KK198761:32,262,298-32,263,658:1) View Sequence Alignments","57.78 %","42.55 %","n/a","n/a","No"
"Eucalyptus grandis","Many-to-many View Gene Tree","EUGRSUZ_I02239 Compare Regions (KK198761:32,378,773-32,380,521:-1) View Sequence Alignments","45.96 %","40.36 %","n/a","n/a","No"
"Eucalyptus grandis","Many-to-many View Gene Tree","EUGRSUZ_I02241 Compare Regions (KK198761:32,434,791-32,436,708:-1) View Sequence Alignments","44.17 %","39.27 %","n/a","n/a","No"
"Eucalyptus grandis","Many-to-many View Gene Tree","EUGRSUZ_I02243 Compare Regions (KK198761:32,502,622-32,504,525:-1) View Sequence Alignments","44.07 %","38.55 %","n/a","n/a","No"
"Eucalyptus grandis","Many-to-many View Gene Tree","EUGRSUZ_I02260 Compare Regions (KK198761:32,918,291-32,919,868:-1) View Sequence Alignments","38.92 %","30.00 %","n/a","n/a","No"
"Eucalyptus grandis","Many-to-many View Gene Tree","EUGRSUZ_I02262 Compare Regions (KK198761:32,972,075-32,973,444:1) View Sequence Alignments","58.31 %","38.91 %","n/a","n/a","No"
"Eucalyptus grandis","Many-to-many View Gene Tree","EUGRSUZ_I02268 Compare Regions (KK198761:33,183,959-33,185,679:-1) View Sequence Alignments","43.49 %","37.64 %","n/a","n/a","No"
"Eutrema salsugineum","Many-to-many View Gene Tree","EUTSA_v10007137mg Compare Regions (KI517683:8,419,770-8,422,099:1) View Sequence Alignments","56.76 %","61.82 %","n/a","n/a","No"
"Eutrema salsugineum","Many-to-many View Gene Tree","EUTSA_v10019732mg Compare Regions (KI517953:1,908,578-1,910,603:1) View Sequence Alignments","51.37 %","51.09 %","n/a","n/a","No"
"Eutrema salsugineum","Many-to-many View Gene Tree","EUTSA_v10022605mg Compare Regions (KI517392:1,578,803-1,580,716:-1) View Sequence Alignments","55.30 %","60.73 %","n/a","n/a","No"
"Ficus carica","Many-to-many View Gene Tree","FCD_00004126 Compare Regions (7:1,556,898-1,558,932:-1) View Sequence Alignments","50.32 %","42.73 %","n/a","n/a","No"
"Ficus carica","Many-to-many View Gene Tree","FCD_00004128 Compare Regions (7:1,562,069-1,565,436:-1) View Sequence Alignments","64.23 %","65.64 %","n/a","n/a","No"
"Ficus carica","Many-to-many View Gene Tree","FCD_00010532 Compare Regions (5:20,207,762-20,214,607:1) View Sequence Alignments","44.33 %","47.64 %","n/a","n/a","No"
"Fraxinus excelsior","Many-to-many View Gene Tree","FRAEX38873_v2_000142280 Compare Regions (FTPI01002694.1:50,636-58,506:1) View Sequence Alignments","47.20 %","47.45 %","n/a","n/a","No"
"Fraxinus excelsior","Many-to-many View Gene Tree","FRAEX38873_v2_000274870 Compare Regions (FTPI01000055.1:67,783-78,515:-1) View Sequence Alignments","61.03 %","64.36 %","n/a","n/a","No"
"Fraxinus excelsior","Many-to-many View Gene Tree","FRAEX38873_v2_000331670 Compare Regions (FTPI01000710.1:35,852-39,912:1) View Sequence Alignments","57.27 %","58.73 %","n/a","n/a","No"
"Glycine max","Many-to-many View Gene Tree","GLYMA_01G232100 Compare Regions (1:55,877,346-55,879,494:-1) View Sequence Alignments","62.21 %","62.55 %","n/a","99.19","Yes"
"Glycine max","Many-to-many View Gene Tree","GLYMA_01G232200 Compare Regions (1:55,881,605-55,883,372:-1) View Sequence Alignments","57.84 %","58.36 %","n/a","11.32","No"
"Glycine max","Many-to-many View Gene Tree","GLYMA_02G042200 Compare Regions (2:3,972,516-3,976,898:1) View Sequence Alignments","55.69 %","60.55 %","n/a","82.98","Yes"
"Glycine max","Many-to-many View Gene Tree","GLYMA_11G014900 Compare Regions (11:1,029,017-1,031,439:-1) View Sequence Alignments","63.29 %","63.64 %","n/a","98.32","Yes"
"Glycine max","Many-to-many View Gene Tree","GLYMA_11G083800 Compare Regions (11:6,285,020-6,295,194:1) View Sequence Alignments","48.43 %","47.64 %","n/a","88.45","Yes"
"Glycine soja (Wild soybean)","Many-to-many View Gene Tree","LOC114367005 Compare Regions (CM014357.1:56,371,802-56,373,870:-1) View Sequence Alignments","62.21 %","62.55 %","n/a","n/a","No"
"Glycine soja (Wild soybean)","Many-to-many View Gene Tree","LOC114374308 Compare Regions (CM014367.1:6,325,643-6,335,816:1) View Sequence Alignments","48.43 %","47.64 %","n/a","n/a","No"
"Glycine soja (Wild soybean)","Many-to-many View Gene Tree","LOC114375975 Compare Regions (CM014367.1:1,030,567-1,032,917:-1) View Sequence Alignments","63.11 %","63.45 %","n/a","n/a","No"
"Glycine soja (Wild soybean)","Many-to-many View Gene Tree","LOC114381055 Compare Regions (CM014358.1:3,900,511-3,904,850:1) View Sequence Alignments","55.69 %","60.55 %","n/a","n/a","No"
"Glycine soja (Wild soybean)","Many-to-many View Gene Tree","LOC114405943 Compare Regions (CM014357.1:56,375,768-56,377,814:-1) View Sequence Alignments","57.84 %","58.36 %","n/a","n/a","No"
"Gossypium raimondii","Many-to-many View Gene Tree","B456_003G003300 Compare Regions (3:203,203-205,647:1) View Sequence Alignments","56.71 %","61.45 %","n/a","n/a","No"
"Gossypium raimondii","Many-to-many View Gene Tree","B456_003G003700 Compare Regions (3:225,640-229,682:-1) View Sequence Alignments","48.61 %","47.64 %","n/a","n/a","No"
"Gossypium raimondii","Many-to-many View Gene Tree","B456_005G113500 Compare Regions (5:21,639,748-21,642,365:-1) View Sequence Alignments","63.24 %","63.82 %","n/a","n/a","No"
"Gossypium raimondii","Many-to-many View Gene Tree","B456_012G158600 Compare Regions (12:33,175,586-33,177,157:-1) View Sequence Alignments","48.44 %","39.45 %","n/a","n/a","No"
"Helianthus annuus","Many-to-many View Gene Tree","HanXRQr2_Chr06g0277481 Compare Regions (6:142,295,138-142,298,287:1) View Sequence Alignments","63.42 %","59.27 %","n/a","n/a","No"
"Helianthus annuus","Many-to-many View Gene Tree","HanXRQr2_Chr07g0282141 Compare Regions (7:11,439,531-11,448,700:-1) View Sequence Alignments","50.16 %","56.91 %","n/a","n/a","No"
"Helianthus annuus","Many-to-many View Gene Tree","HanXRQr2_Chr09g0401531 Compare Regions (9:158,333,041-158,343,966:-1) View Sequence Alignments","49.67 %","55.27 %","n/a","n/a","No"
"Helianthus annuus","Many-to-many View Gene Tree","HanXRQr2_Chr14g0621101 Compare Regions (14:6,279,326-6,283,148:1) View Sequence Alignments","61.48 %","61.82 %","n/a","n/a","No"
"Helianthus annuus","Many-to-many View Gene Tree","HanXRQr2_Chr14g0621231 Compare Regions (14:6,555,393-6,559,080:1) View Sequence Alignments","64.38 %","64.73 %","n/a","n/a","No"
"Helianthus annuus","Many-to-many View Gene Tree","HanXRQr2_Chr15g0701151 Compare Regions (15:81,641,136-81,653,294:1) View Sequence Alignments","45.08 %","43.27 %","n/a","n/a","No"
"Helianthus annuus","Many-to-many View Gene Tree","HanXRQr2_Chr16g0777221 Compare Regions (16:202,668,428-202,674,160:1) View Sequence Alignments","42.47 %","45.64 %","n/a","n/a","No"
"Helianthus annuus","Many-to-many View Gene Tree","HanXRQr2_Chr16g0777271 Compare Regions (16:202,755,765-202,765,571:-1) View Sequence Alignments","56.88 %","61.64 %","n/a","n/a","No"
"Helianthus annuus","Many-to-many View Gene Tree","HanXRQr2_Chr17g0828841 Compare Regions (17:188,172,104-188,174,916:-1) View Sequence Alignments","53.67 %","58.55 %","n/a","n/a","No"
"Hordeum vulgare","1-to-1 View Gene Tree","HORVU.MOREX.r3.4HG0409410 Compare Regions (4H:586,082,631-586,084,383:1) View Sequence Alignments","79.56 %","65.09 %","n/a","100.00","Yes"
"Ipomoea triloba","Many-to-many View Gene Tree","itb01g35080 Compare Regions (1:37,488,942-37,492,038:1) View Sequence Alignments","62.84 %","63.64 %","n/a","n/a","No"
"Ipomoea triloba","Many-to-many View Gene Tree","itb01g35090 Compare Regions (1:37,493,891-37,495,780:1) View Sequence Alignments","60.04 %","60.36 %","n/a","n/a","No"
"Ipomoea triloba","Many-to-many View Gene Tree","itb01g35110 Compare Regions (1:37,499,848-37,500,462:1) View Sequence Alignments","49.51 %","18.36 %","n/a","91.14","No"
"Ipomoea triloba","Many-to-many View Gene Tree","itb01g35120 Compare Regions (1:37,500,635-37,500,928:1) View Sequence Alignments","57.73 %","10.18 %","n/a","n/a","No"
"Ipomoea triloba","Many-to-many View Gene Tree","itb05g24180 Compare Regions (5:29,044,868-29,049,037:-1) View Sequence Alignments","39.66 %","38.36 %","n/a","68.14","Yes"
"Ipomoea triloba","Many-to-many View Gene Tree","itb12g02460 Compare Regions (12:1,619,344-1,622,124:1) View Sequence Alignments","58.28 %","62.73 %","n/a","n/a","No"
"Juglans regia","Many-to-many View Gene Tree","Jr08_22610 Compare Regions (8:29,970,512-29,973,041:1) View Sequence Alignments","59.66 %","64.00 %","n/a","n/a","No"
"Juglans regia","Many-to-many View Gene Tree","Jr11_18830 Compare Regions (11:27,772,510-27,775,866:-1) View Sequence Alignments","64.65 %","66.18 %","n/a","n/a","No"
"Juglans regia","Many-to-many View Gene Tree","Jr13_05710 Compare Regions (13:4,204,817-4,208,464:-1) View Sequence Alignments","49.65 %","51.82 %","n/a","n/a","No"
"Juglans regia","Many-to-many View Gene Tree","Jr16_19170 Compare Regions (16:26,208,536-26,211,969:1) View Sequence Alignments","50.09 %","52.18 %","n/a","n/a","No"
"Kalanchoe fedtschenkoi","Many-to-many View Gene Tree","Kaladp0040s0596.v1.1 Compare Regions (Scaffold_40:5,399,788-5,402,807:1) View Sequence Alignments","61.91 %","62.36 %","n/a","n/a","No"
"Kalanchoe fedtschenkoi","Many-to-many View Gene Tree","Kaladp0082s0018.v1.1 Compare Regions (Scaffold_82:241,503-244,613:-1) View Sequence Alignments","59.08 %","49.09 %","n/a","n/a","No"
"Kalanchoe fedtschenkoi","Many-to-many View Gene Tree","Kaladp0095s0825.v1.1 Compare Regions (Scaffold_95:6,342,712-6,345,028:-1) View Sequence Alignments","56.80 %","60.73 %","n/a","n/a","No"
"Lablab purpureus Natoba","Many-to-many View Gene Tree","gene14260 Compare Regions (CM059255.1:1,406,741-1,408,883:-1) View Sequence Alignments","61.47 %","62.36 %","n/a","n/a","No"
"Lablab purpureus Natoba","Many-to-many View Gene Tree","gene15160 Compare Regions (CM059255.1:16,056,652-16,062,750:-1) View Sequence Alignments","48.13 %","46.73 %","n/a","n/a","No"
"Lablab purpureus Natoba","Many-to-many View Gene Tree","gene1850 Compare Regions (CM059256.1:33,009,726-33,018,710:1) View Sequence Alignments","55.88 %","59.64 %","n/a","n/a","No"
"Lactuca sativa","Many-to-many View Gene Tree","gene-LSAT_2X4080 Compare Regions (2:10,407,890-10,410,339:1) View Sequence Alignments","63.22 %","63.45 %","n/a","n/a","No"
"Lactuca sativa","Many-to-many View Gene Tree","gene-LSAT_3X70280 Compare Regions (3:93,610,179-93,613,342:1) View Sequence Alignments","55.83 %","60.91 %","n/a","n/a","No"
"Lactuca sativa","Many-to-many View Gene Tree","gene-LSAT_3X70321 Compare Regions (3:93,644,130-93,645,655:-1) View Sequence Alignments","43.60 %","36.55 %","n/a","n/a","No"
"Lactuca sativa","Many-to-many View Gene Tree","gene-LSAT_6X6980 Compare Regions (6:9,805,547-9,807,649:1) View Sequence Alignments","52.61 %","58.55 %","n/a","n/a","No"
"Lactuca sativa","Many-to-many View Gene Tree","gene-LSAT_8X115761 Compare Regions (8:178,250,240-178,253,144:-1) View Sequence Alignments","45.19 %","39.27 %","n/a","n/a","No"
"Lathyrus sativus","Many-to-many View Gene Tree","gene-LATHSAT_LOCUS15460 Compare Regions (OZ012738.1:409,487,496-409,493,670:1) View Sequence Alignments","58.26 %","58.36 %","n/a","n/a","No"
"Lathyrus sativus","Many-to-many View Gene Tree","gene-LATHSAT_LOCUS15461 Compare Regions (OZ012738.1:409,576,929-409,579,005:-1) View Sequence Alignments","54.97 %","59.27 %","n/a","n/a","No"
"Lathyrus sativus","Many-to-many View Gene Tree","gene-LATHSAT_LOCUS8390 Compare Regions (OZ012736.1:508,251,316-508,253,144:-1) View Sequence Alignments","61.04 %","61.82 %","n/a","n/a","No"
"Lathyrus sativus","Many-to-many View Gene Tree","gene-LATHSAT_LOCUS9119 Compare Regions (OZ012736.1:538,605,268-538,608,519:1) View Sequence Alignments","43.60 %","44.00 %","n/a","n/a","No"
"Leersia perrieri","1-to-1 View Gene Tree","LPERR03G02490 Compare Regions (3:1,850,099-1,860,877:-1) View Sequence Alignments","32.86 %","88.91 %","100","70.37","Yes"
"Lolium perenne","1-to-many View Gene Tree","KYUSg_chr4.50752 Compare Regions (4:314,582,722-314,593,127:1) View Sequence Alignments","50.23 %","38.91 %","n/a","n/a","No"
"Lolium perenne","1-to-many View Gene Tree","KYUSg_chr4.50756 Compare Regions (4:314,609,594-314,610,007:1) View Sequence Alignments","83.21 %","20.73 %","n/a","n/a","No"
"Lolium perenne","1-to-many View Gene Tree","KYUSg_chr4.50764 Compare Regions (4:314,648,709-314,650,490:1) View Sequence Alignments","82.55 %","80.00 %","n/a","99.11","Yes"
"Lupinus angustifolius","Many-to-many View Gene Tree","TanjilG_04791 Compare Regions (LG18:673,959-676,548:-1) View Sequence Alignments","54.81 %","59.09 %","n/a","83.28","Yes"
"Lupinus angustifolius","Many-to-many View Gene Tree","TanjilG_17980 Compare Regions (LG18:16,261,066-16,262,964:1) View Sequence Alignments","61.55 %","62.00 %","n/a","88.69","Yes"
"Lupinus angustifolius","Many-to-many View Gene Tree","TanjilG_22074 Compare Regions (LG17:1,013,854-1,017,366:-1) View Sequence Alignments","46.89 %","48.00 %","n/a","82.54","Yes"
"Malus domestica Golden","Many-to-many View Gene Tree","MD02G0102200 Compare Regions (2:9,779,472-9,785,055:-1) View Sequence Alignments","50.83 %","50.18 %","n/a","84.53","Yes"
"Malus domestica Golden","Many-to-many View Gene Tree","MD05G0021600 Compare Regions (5:4,360,355-4,364,043:1) View Sequence Alignments","64.80 %","65.27 %","n/a","95.51","Yes"
"Malus domestica Golden","Many-to-many View Gene Tree","MD15G0205300 Compare Regions (15:19,123,334-19,127,628:1) View Sequence Alignments","54.05 %","43.64 %","n/a","89.82","Yes"
"Malus domestica Golden","Many-to-many View Gene Tree","MD15G0205500 Compare Regions (15:19,189,039-19,194,488:-1) View Sequence Alignments","49.44 %","47.82 %","n/a","10.88","No"
"Manihot esculenta","Many-to-many View Gene Tree","Manes.01G153500.v8.1 Compare Regions (CM004387.2:34,074,305-34,077,062:-1) View Sequence Alignments","58.99 %","63.82 %","n/a","n/a","No"
"Manihot esculenta","Many-to-many View Gene Tree","Manes.02G112300.v8.1 Compare Regions (CM004388.2:8,659,337-8,662,468:1) View Sequence Alignments","49.82 %","50.00 %","n/a","n/a","No"
"Manihot esculenta","Many-to-many View Gene Tree","Manes.05G134100.v8.1 Compare Regions (CM004391.2:23,552,718-23,556,653:1) View Sequence Alignments","66.12 %","66.00 %","n/a","n/a","No"
"Marchantia polymorpha","Many-to-many View Gene Tree","Mp1g00320 Compare Regions (1:322,157-325,843:1) View Sequence Alignments","52.32 %","53.27 %","n/a","n/a","Yes"
"Marchantia polymorpha","Many-to-many View Gene Tree","Mp1g10910 Compare Regions (1:11,450,980-11,454,698:-1) View Sequence Alignments","56.99 %","57.09 %","n/a","n/a","Yes"
"Medicago truncatula","Many-to-many View Gene Tree","gene28390 Compare Regions (CM010652.1:1,941,078-1,944,514:-1) View Sequence Alignments","60.07 %","60.18 %","n/a","n/a","No"
"Medicago truncatula","Many-to-many View Gene Tree","gene28393 Compare Regions (CM010652.1:1,959,538-1,961,760:-1) View Sequence Alignments","55.66 %","55.45 %","n/a","n/a","No"
"Medicago truncatula","Many-to-many View Gene Tree","gene29463 Compare Regions (CM010652.1:9,444,126-9,450,194:1) View Sequence Alignments","44.00 %","46.00 %","n/a","n/a","No"
"Medicago truncatula","Many-to-many View Gene Tree","gene48240 Compare Regions (CM010655.1:33,781,649-33,785,958:1) View Sequence Alignments","53.71 %","59.27 %","n/a","n/a","No"
"Medicago truncatula","Many-to-many View Gene Tree","gene48243 Compare Regions (CM010655.1:33,811,934-33,813,484:1) View Sequence Alignments","57.17 %","53.64 %","n/a","n/a","No"
"Musa acuminata","Many-to-many View Gene Tree","Ma02_g12960 Compare Regions (CAJGYN010000002.1:21,529,360-21,532,247:1) View Sequence Alignments","66.61 %","68.55 %","n/a","99.04","Yes"
"Musa acuminata","Many-to-many View Gene Tree","Ma03_g15270 Compare Regions (CAJGYN010000003.1:15,070,129-15,077,550:-1) View Sequence Alignments","67.88 %","68.00 %","n/a","86.06","Yes"
"Nicotiana attenuata","Many-to-many View Gene Tree","AAE2_0  (A4A49_00121) Compare Regions (12:12,363,028-12,369,132:-1) View Sequence Alignments","55.43 %","61.27 %","n/a","82.37","Yes"
"Nicotiana attenuata","Many-to-many View Gene Tree","AAE2_1  (A4A49_05963) Compare Regions (scaffold00114:679,875-684,009:1) View Sequence Alignments","59.38 %","62.73 %","n/a","0.00","No"
"Nicotiana attenuata","Many-to-many View Gene Tree","AAE2_2  (A4A49_12858) Compare Regions (2:66,426,586-66,427,840:1) View Sequence Alignments","65.44 %","32.36 %","n/a","0.00","No"
"Nicotiana attenuata","Many-to-many View Gene Tree","AAE1_1  (A4A49_21542) Compare Regions (scaffold02389:39,955-44,899:1) View Sequence Alignments","48.54 %","48.36 %","n/a","96.62","Yes"
"Nicotiana attenuata","Many-to-many View Gene Tree","AAE1_0  (A4A49_24633) Compare Regions (scaffold01763:20,987-26,674:-1) View Sequence Alignments","63.72 %","64.18 %","n/a","0.00","No"
"Nicotiana attenuata","Many-to-many View Gene Tree","AAE2_3  (A4A49_32993) Compare Regions (scaffold01558:65,562-69,306:1) View Sequence Alignments","56.35 %","60.55 %","n/a","0.00","No"
"Nymphaea colorata","1-to-many View Gene Tree","NC9G0172740 Compare Regions (9:12,774,840-12,779,277:1) View Sequence Alignments","65.77 %","66.36 %","n/a","100.00","Yes"
"Olea europaea","Many-to-many View Gene Tree","OE9A020977 Compare Regions (CACTIH010002030.1:306,706-307,440:1) View Sequence Alignments","61.07 %","27.09 %","n/a","n/a","No"
"Olea europaea","Many-to-many View Gene Tree","OE9A044150 Compare Regions (CACTIH010002030.1:305,112-306,493:1) View Sequence Alignments","45.53 %","10.18 %","n/a","n/a","No"
"Olea europaea","Many-to-many View Gene Tree","OE9A074524 Compare Regions (CACTIH010003857.1:60,256-61,250:-1) View Sequence Alignments","32.62 %","8.36 %","n/a","n/a","No"
"Olea europaea","Many-to-many View Gene Tree","OE9A099814 Compare Regions (CACTIH010002030.1:277,816-281,648:1) View Sequence Alignments","57.89 %","62.00 %","n/a","n/a","No"
"Olea europaea","Many-to-many View Gene Tree","OE9A105500 Compare Regions (5:11,528,646-11,531,668:-1) View Sequence Alignments","64.25 %","66.00 %","n/a","n/a","No"
"Olea europaea","Many-to-many View Gene Tree","OE9A110893 Compare Regions (1:21,890,377-21,910,668:-1) View Sequence Alignments","24.27 %","46.73 %","n/a","n/a","No"
"Oryza barthii","1-to-1 View Gene Tree","OBART03G02670 Compare Regions (3:1,765,672-1,780,242:-1) View Sequence Alignments","46.19 %","99.27 %","75","99.11","Yes"
"Oryza brachyantha","1-to-1 View Gene Tree","OB03G12680 Compare Regions (3:1,599,390-1,600,971:-1) View Sequence Alignments","89.54 %","80.91 %","100","100.00","Yes"
"Oryza glaberrima","1-to-1 View Gene Tree","ORGLA03G0024800 Compare Regions (3:1,776,698-1,778,441:-1) View Sequence Alignments","99.45 %","99.45 %","100","100.00","Yes"
"Oryza glumipatula","1-to-1 View Gene Tree","OGLUM03G02600 Compare Regions (3:1,901,325-1,903,068:-1) View Sequence Alignments","96.97 %","98.91 %","100","100.00","Yes"
"Oryza sativa Indica Group","1-to-1 View Gene Tree","BGIOSGA011513 Compare Regions (3:2,115,002-2,116,745:-1) View Sequence Alignments","100.00 %","100.00 %","100","100.00","Yes"
"Oryza longistaminata","1-to-1 View Gene Tree","KN538902.1_FG007 Compare Regions (KN538902.1:169,919-171,661:1) View Sequence Alignments","93.62 %","98.73 %","100","100.00","Yes"
"Oryza meridionalis","1-to-1 View Gene Tree","OMERI03G02520 Compare Regions (3:2,163,636-2,176,973:-1) View Sequence Alignments","41.89 %","98.18 %","100","77.53","Yes"
"Oryza nivara","1-to-1 View Gene Tree","ONIVA03G02300 Compare Regions (3:1,559,648-1,569,425:-1) View Sequence Alignments","43.09 %","99.82 %","100","95.32","Yes"
"Oryza punctata","1-to-1 View Gene Tree","OPUNC03G02470 Compare Regions (3:1,810,544-1,824,178:-1) View Sequence Alignments","43.88 %","94.55 %","100","73.83","Yes"
"Oryza rufipogon","1-to-1 View Gene Tree","ORUFI03G02420 Compare Regions (3:1,613,234-1,627,734:-1) View Sequence Alignments","46.36 %","99.64 %","75","100.00","Yes"
"Papaver somniferum","Many-to-many View Gene Tree","C5167_011050 Compare Regions (6:141,495,345-141,497,718:-1) View Sequence Alignments","57.89 %","62.00 %","n/a","n/a","No"
"Papaver somniferum","Many-to-many View Gene Tree","C5167_025802 Compare Regions (5:211,166,973-211,169,166:1) View Sequence Alignments","65.65 %","66.36 %","n/a","n/a","No"
"Papaver somniferum","Many-to-many View Gene Tree","C5167_038667 Compare Regions (1:119,441,602-119,448,888:-1) View Sequence Alignments","32.31 %","66.73 %","n/a","n/a","No"
"Papaver somniferum","Many-to-many View Gene Tree","C5167_038669 Compare Regions (1:119,449,329-119,451,719:-1) View Sequence Alignments","58.40 %","62.55 %","n/a","n/a","No"
"Phaseolus vulgaris","Many-to-many View Gene Tree","PHAVU_002G035000g Compare Regions (2:3,496,065-3,498,323:1) View Sequence Alignments","61.54 %","62.55 %","n/a","98.72","Yes"
"Phaseolus vulgaris","Many-to-many View Gene Tree","PHAVU_002G114400g Compare Regions (2:23,251,016-23,256,546:1) View Sequence Alignments","46.84 %","39.09 %","n/a","83.72","Yes"
"Phaseolus vulgaris","Many-to-many View Gene Tree","PHAVU_003G268800g Compare Regions (3:49,509,748-49,513,063:-1) View Sequence Alignments","56.25 %","60.55 %","n/a","83.80","Yes"
"Physcomitrium patens","1-to-many View Gene Tree","Pp3c2_5280 Compare Regions (2:3,502,365-3,505,450:-1) View Sequence Alignments","54.04 %","54.73 %","n/a","86.39","Yes"
"Pistacia vera","Many-to-many View Gene Tree","EVM0012017 Compare Regions (Contig289:248,615-252,529:-1) View Sequence Alignments","50.82 %","50.73 %","n/a","86.08","Yes"
"Pistacia vera","Many-to-many View Gene Tree","EVM0013941 Compare Regions (Contig1114:85,070-87,362:-1) View Sequence Alignments","64.86 %","65.09 %","n/a","99.94","Yes"
"Pistacia vera","Many-to-many View Gene Tree","EVM0018609 Compare Regions (Contig289:215,697-218,054:1) View Sequence Alignments","59.69 %","62.18 %","n/a","0.00","No"
"Pisum sativum","Many-to-many View Gene Tree","Psat0s1389g0320 Compare Regions (CAADHX020004031.1:454,436-457,582:1) View Sequence Alignments","57.82 %","57.82 %","n/a","n/a","No"
"Pisum sativum","Many-to-many View Gene Tree","Psat0s1389g0360 Compare Regions (CAADHX020004031.1:518,146-525,951:-1) View Sequence Alignments","33.16 %","59.27 %","n/a","n/a","No"
"Pisum sativum","Many-to-many View Gene Tree","Psat2g130040 Compare Regions (2LG1:337,202,561-337,205,097:-1) View Sequence Alignments","43.97 %","39.09 %","n/a","n/a","No"
"Pisum sativum","Many-to-many View Gene Tree","Psat2g186320 Compare Regions (2LG1:424,314,209-424,316,167:1) View Sequence Alignments","60.54 %","61.09 %","n/a","n/a","No"
"Pisum sativum","Many-to-many View Gene Tree","Psat2g186440 Compare Regions (2LG1:424,351,063-424,352,972:1) View Sequence Alignments","58.20 %","58.73 %","n/a","n/a","No"
"Pisum sativum Garden pea","Many-to-many View Gene Tree","KIW84_024385 Compare Regions (CM044346.1:435,774,434-435,777,464:-1) View Sequence Alignments","44.61 %","44.36 %","n/a","n/a","No"
"Pisum sativum Garden pea","Many-to-many View Gene Tree","KIW84_025463 Compare Regions (CM044346.1:488,745,187-488,747,024:1) View Sequence Alignments","60.54 %","61.09 %","n/a","n/a","No"
"Pisum sativum Garden pea","Many-to-many View Gene Tree","KIW84_025464 Compare Regions (CM044346.1:488,781,907-488,783,695:1) View Sequence Alignments","58.20 %","58.73 %","n/a","n/a","No"
"Pisum sativum Garden pea","Many-to-many View Gene Tree","KIW84_043146 Compare Regions (CM044348.1:232,676,733-232,698,406:1) View Sequence Alignments","51.37 %","58.00 %","n/a","n/a","No"
"Pisum sativum Garden pea","Many-to-many View Gene Tree","KIW84_043147 Compare Regions (CM044348.1:232,698,846-232,700,963:-1) View Sequence Alignments","54.24 %","59.27 %","n/a","n/a","No"
"Pisum sativum JI2822","Many-to-many View Gene Tree","PSAT_LOCUS16953 Compare Regions (OZ075431.1:279,181,651-279,183,782:1) View Sequence Alignments","54.24 %","59.27 %","n/a","n/a","No"
"Pisum sativum JI2822","Many-to-many View Gene Tree","PSAT_LOCUS16954 Compare Regions (OZ075431.1:279,235,396-279,253,206:-1) View Sequence Alignments","51.37 %","58.00 %","n/a","n/a","No"
"Pisum sativum JI2822","Many-to-many View Gene Tree","PSAT_LOCUS7701 Compare Regions (OZ075429.1:5,135,493-5,174,060:1) View Sequence Alignments","58.74 %","59.27 %","n/a","n/a","No"
"Pisum sativum JI2822","Many-to-many View Gene Tree","PSAT_LOCUS7702 Compare Regions (OZ075429.1:5,172,272-5,174,060:1) View Sequence Alignments","58.20 %","58.73 %","n/a","n/a","No"
"Pisum sativum JI2822","Many-to-many View Gene Tree","PSAT_LOCUS8423 Compare Regions (OZ075429.1:57,613,267-57,616,204:1) View Sequence Alignments","43.78 %","44.18 %","n/a","n/a","No"
"Populus trichocarpa","Many-to-many View Gene Tree","Potri.002G010600.v4.1 Compare Regions (2:659,238-662,339:1) View Sequence Alignments","65.52 %","65.64 %","n/a","n/a","No"
"Populus trichocarpa","Many-to-many View Gene Tree","Potri.005G099500.v4.1 Compare Regions (5:7,171,538-7,177,173:-1) View Sequence Alignments","56.64 %","62.00 %","n/a","n/a","No"
"Populus trichocarpa","Many-to-many View Gene Tree","Potri.005G102901.v4.1 Compare Regions (5:7,466,905-7,475,687:-1) View Sequence Alignments","50.36 %","50.55 %","n/a","n/a","No"
"Populus trichocarpa","Many-to-many View Gene Tree","Potri.005G250700.v4.1 Compare Regions (5:24,405,046-24,408,449:-1) View Sequence Alignments","64.13 %","64.36 %","n/a","n/a","No"
"Populus trichocarpa","Many-to-many View Gene Tree","Potri.007G059401.v4.1 Compare Regions (7:6,310,208-6,326,943:-1) View Sequence Alignments","51.18 %","51.27 %","n/a","n/a","No"
"Prunus dulcis","Many-to-many View Gene Tree","Prudul26B009623 Compare Regions (pdulcis26_s0156:223,427-226,767:1) View Sequence Alignments","65.34 %","65.82 %","n/a","99.94","Yes"
"Prunus dulcis","Many-to-many View Gene Tree","Prudul26B015632 Compare Regions (pdulcis26_s0001:3,244,064-3,248,965:1) View Sequence Alignments","52.11 %","51.64 %","n/a","97.28","Yes"
"Prunus dulcis","Many-to-many View Gene Tree","Prudul26B026427 Compare Regions (pdulcis26_s0001:3,278,132-3,280,358:-1) View Sequence Alignments","58.79 %","63.82 %","n/a","4.79","No"
"Quercus lobata","Many-to-many View Gene Tree","QL01p015142 Compare Regions (1:15,139,277-15,143,860:1) View Sequence Alignments","64.09 %","64.91 %","n/a","n/a","No"
"Quercus lobata","Many-to-many View Gene Tree","QL01p015174 Compare Regions (1:15,171,637-15,177,314:1) View Sequence Alignments","65.53 %","66.36 %","n/a","n/a","No"
"Quercus lobata","Many-to-many View Gene Tree","QL02p003926 Compare Regions (CM012294:3,924,384-3,928,470:-1) View Sequence Alignments","65.35 %","66.18 %","n/a","n/a","No"
"Quercus lobata","Many-to-many View Gene Tree","QL02p003950 Compare Regions (CM012294:3,947,876-3,952,263:-1) View Sequence Alignments","64.09 %","64.91 %","n/a","n/a","No"
"Quercus lobata","Many-to-many View Gene Tree","QL02p099540 Compare Regions (CM012294:99,536,755-99,543,510:-1) View Sequence Alignments","51.48 %","50.55 %","n/a","n/a","No"
"Quercus lobata","Many-to-many View Gene Tree","QL06p052690 Compare Regions (6:52,688,300-52,692,434:-1) View Sequence Alignments","59.74 %","65.82 %","n/a","n/a","No"
"Quercus lobata","Many-to-many View Gene Tree","QL06p053893 Compare Regions (6:53,890,802-53,895,356:1) View Sequence Alignments","59.74 %","65.82 %","n/a","n/a","No"
"Quercus lobata","Many-to-many View Gene Tree","QL10p052087 Compare Regions (10:52,085,939-52,087,900:-1) View Sequence Alignments","61.93 %","46.73 %","n/a","n/a","No"
"Quercus suber","Many-to-many View Gene Tree","AAE2_1  (gene-CFP56_02374) Compare Regions (PKMF03010077.1:1,728,940-1,733,102:1) View Sequence Alignments","61.39 %","65.64 %","n/a","n/a","No"
"Quercus suber","Many-to-many View Gene Tree","AAE2_3  (gene-CFP56_06521) Compare Regions (PKMF03008240.1:1,386,966-1,391,585:-1) View Sequence Alignments","62.66 %","62.55 %","n/a","n/a","No"
"Quercus suber","Many-to-many View Gene Tree","gene-CFP56_20054 Compare Regions (PKMF03003523.1:315,770-319,895:1) View Sequence Alignments","63.36 %","63.82 %","n/a","n/a","No"
"Quercus suber","Many-to-many View Gene Tree","gene-CFP56_20057 Compare Regions (PKMF03003523.1:332,390-334,079:1) View Sequence Alignments","40.09 %","15.45 %","n/a","n/a","No"
"Quercus suber","Many-to-many View Gene Tree","gene-CFP56_20059 Compare Regions (PKMF03003523.1:355,319-358,551:1) View Sequence Alignments","65.17 %","66.00 %","n/a","n/a","No"
"Quercus suber","Many-to-many View Gene Tree","gene-CFP56_40002 Compare Regions (PKMF03001604.1:277,428-293,695:-1) View Sequence Alignments","49.37 %","49.64 %","n/a","n/a","No"
"Quercus suber","Many-to-many View Gene Tree","gene-CFP56_72316 Compare Regions (PKMF03009097.1:15,171-29,741:-1) View Sequence Alignments","34.63 %","50.00 %","n/a","n/a","No"
"Quercus suber","Many-to-many View Gene Tree","gene-CFP56_73773 Compare Regions (PKMF03011057.1:22,216-26,272:-1) View Sequence Alignments","61.67 %","57.64 %","n/a","n/a","No"
"Rosa chinensis","Many-to-many View Gene Tree","RchiOBHm_Chr2g0097611 Compare Regions (2:10,179,561-10,181,048:1) View Sequence Alignments","52.48 %","32.73 %","n/a","80.36","Yes"
"Rosa chinensis","Many-to-many View Gene Tree","RchiOBHm_Chr2g0097621 Compare Regions (2:10,181,068-10,181,571:1) View Sequence Alignments","67.07 %","20.36 %","n/a","63.47","No"
"Rosa chinensis","Many-to-many View Gene Tree","RchiOBHm_Chr2g0097661 Compare Regions (2:10,255,509-10,261,869:-1) View Sequence Alignments","52.90 %","53.09 %","n/a","89.94","Yes"
"Rosa chinensis","Many-to-many View Gene Tree","RchiOBHm_Chr2g0146681 Compare Regions (2:64,316,717-64,318,703:-1) View Sequence Alignments","56.64 %","62.00 %","n/a","94.68","Yes"
"Rosa chinensis","Many-to-many View Gene Tree","RchiOBHm_Chr3g0449271 Compare Regions (3:1,128,547-1,128,912:1) View Sequence Alignments","67.77 %","14.91 %","n/a","84.48","No"
"Rosa chinensis","Many-to-many View Gene Tree","RchiOBHm_Chr3g0449281 Compare Regions (3:1,129,032-1,129,479:1) View Sequence Alignments","60.81 %","16.36 %","n/a","82.80","No"
"Rosa chinensis","Many-to-many View Gene Tree","RchiOBHm_Chr6g0268031 Compare Regions (6:24,855,055-24,857,508:1) View Sequence Alignments","57.80 %","64.00 %","n/a","93.37","Yes"
"Rosa chinensis","Many-to-many View Gene Tree","RchiOBHm_Chr6g0275221 Compare Regions (6:36,897,677-36,901,776:-1) View Sequence Alignments","64.26 %","64.73 %","n/a","98.61","Yes"
"Secale cereale","1-to-many View Gene Tree","SECCE2Rv1G0123770 Compare Regions (2R:827,699,938-827,701,587:-1) View Sequence Alignments","79.60 %","79.45 %","n/a","100.00","Yes"
"Secale cereale","1-to-many View Gene Tree","SECCE5Rv1G0367980 Compare Regions (5R:825,718,371-825,719,372:-1) View Sequence Alignments","80.48 %","48.73 %","n/a","94.04","Yes"
"Selaginella moellendorffii","Many-to-many View Gene Tree","SELMODRAFT_236556 Compare Regions (GL377703:34,714-36,454:-1) View Sequence Alignments","58.51 %","58.73 %","n/a","0.00","No"
"Selaginella moellendorffii","Many-to-many View Gene Tree","SELMODRAFT_409095 Compare Regions (GL377574:3,073,505-3,075,245:1) View Sequence Alignments","59.05 %","58.73 %","n/a","0.00","No"
"Selaginella moellendorffii","Many-to-many View Gene Tree","SELMODRAFT_425113 Compare Regions (GL377637:148,698-149,352:-1) View Sequence Alignments","55.11 %","17.64 %","n/a","0.00","No"
"Selaginella moellendorffii","Many-to-many View Gene Tree","SELMODRAFT_440236 Compare Regions (GL377574:3,075,842-3,082,415:-1) View Sequence Alignments","58.15 %","58.36 %","n/a","97.22","Yes"
"Selaginella moellendorffii","Many-to-many View Gene Tree","SELMODRAFT_448826 Compare Regions (GL377703:27,451-29,237:1) View Sequence Alignments","58.50 %","58.18 %","n/a","0.00","No"
"Sesamum indicum","Many-to-many View Gene Tree","SIN_1005131 Compare Regions (LG3:6,991,398-6,993,479:-1) View Sequence Alignments","57.46 %","61.64 %","n/a","n/a","No"
"Sesamum indicum","Many-to-many View Gene Tree","SIN_1015801 Compare Regions (LG3:19,787,041-19,789,567:1) View Sequence Alignments","64.80 %","65.27 %","n/a","n/a","No"
"Setaria italica","1-to-1 View Gene Tree","SETIT_035042mg Compare Regions (IX:56,882,745-56,884,655:1) View Sequence Alignments","83.64 %","82.73 %","n/a","100.00","Yes"
"Setaria viridis","1-to-1 View Gene Tree","SEVIR_9G555200v2 Compare Regions (9:54,419,123-54,420,891:1) View Sequence Alignments","83.64 %","82.73 %","n/a","100.00","Yes"
"Solanum lycopersicum","Many-to-many View Gene Tree","Solyc02g061740.2 Compare Regions (2:33,818,397-33,819,469:1) View Sequence Alignments","50.37 %","24.73 %","n/a","n/a","No"
"Solanum lycopersicum","Many-to-many View Gene Tree","Solyc02g082870.3 Compare Regions (2:47,074,724-47,084,881:1) View Sequence Alignments","29.83 %","61.45 %","n/a","n/a","No"
"Solanum lycopersicum","Many-to-many View Gene Tree","Solyc02g082910.3 Compare Regions (2:47,096,706-47,101,398:-1) View Sequence Alignments","44.25 %","45.45 %","n/a","95.22","Yes"
"Solanum lycopersicum","Many-to-many View Gene Tree","Solyc03g032210.3 Compare Regions (3:4,740,921-4,743,812:1) View Sequence Alignments","57.65 %","61.64 %","n/a","n/a","No"
"Solanum lycopersicum","Many-to-many View Gene Tree","Solyc06g008920.3 Compare Regions (6:2,845,693-2,852,153:-1) View Sequence Alignments","41.85 %","64.00 %","n/a","n/a","No"
"Solanum lycopersicum","Many-to-many View Gene Tree","Solyc07g043630.2 Compare Regions (7:57,709,139-57,711,559:1) View Sequence Alignments","55.09 %","60.00 %","n/a","n/a","No"
"Solanum lycopersicum","Many-to-many View Gene Tree","Solyc07g043640.3 Compare Regions (7:57,734,778-57,737,048:1) View Sequence Alignments","56.27 %","60.36 %","n/a","n/a","No"
"Solanum lycopersicum","Many-to-many View Gene Tree","Solyc07g043650.2 Compare Regions (7:57,739,258-57,740,753:1) View Sequence Alignments","51.29 %","43.45 %","n/a","n/a","No"
"Solanum lycopersicum","Many-to-many View Gene Tree","Solyc07g043660.3 Compare Regions (7:57,756,455-57,758,524:1) View Sequence Alignments","55.20 %","59.82 %","n/a","n/a","No"
"Solanum lycopersicum","Many-to-many View Gene Tree","Solyc08g075800.2 Compare Regions (8:60,026,313-60,032,863:1) View Sequence Alignments","30.67 %","62.18 %","n/a","n/a","No"
"Solanum lycopersicum","Many-to-many View Gene Tree","Solyc10g012100.1 Compare Regions (10:4,423,142-4,423,828:1) View Sequence Alignments","53.72 %","18.36 %","n/a","0.00","No"
"Solanum tuberosum","Many-to-many View Gene Tree","PGSC0003DMG400001526 Compare Regions (2:38,694,818-38,699,838:1) View Sequence Alignments","60.11 %","60.55 %","n/a","0.00","No"
"Solanum tuberosum","Many-to-many View Gene Tree","PGSC0003DMG400001527 Compare Regions (2:38,705,426-38,707,252:1) View Sequence Alignments","61.30 %","61.64 %","n/a","0.00","No"
"Solanum tuberosum","Many-to-many View Gene Tree","PGSC0003DMG400008672 Compare Regions (2:19,525,438-19,527,311:1) View Sequence Alignments","62.80 %","52.18 %","n/a","0.00","No"
"Solanum tuberosum","Many-to-many View Gene Tree","PGSC0003DMG400014638 Compare Regions (6:657,408-660,973:1) View Sequence Alignments","65.69 %","65.45 %","n/a","0.00","No"
"Solanum tuberosum","Many-to-many View Gene Tree","PGSC0003DMG400015922 Compare Regions (7:42,155,271-42,157,117:1) View Sequence Alignments","55.83 %","58.36 %","n/a","0.00","No"
"Solanum tuberosum","Many-to-many View Gene Tree","PGSC0003DMG400015923 Compare Regions (7:42,149,553-42,151,433:1) View Sequence Alignments","55.78 %","60.55 %","n/a","96.23","Yes"
"Solanum tuberosum","Many-to-many View Gene Tree","PGSC0003DMG400018675 Compare Regions (3:3,217,284-3,220,437:1) View Sequence Alignments","62.16 %","61.82 %","n/a","0.00","No"
"Solanum tuberosum","Many-to-many View Gene Tree","PGSC0003DMG400020791 Compare Regions (00:2,412,060-2,412,599:1) View Sequence Alignments","40.78 %","13.27 %","n/a","0.00","No"
"Solanum tuberosum","Many-to-many View Gene Tree","PGSC0003DMG400030854 Compare Regions (8:48,127,422-48,129,173:1) View Sequence Alignments","61.66 %","62.00 %","n/a","0.00","No"
"Solanum tuberosum","Many-to-many View Gene Tree","PGSC0003DMG400036440 Compare Regions (7:42,145,279-42,147,147:1) View Sequence Alignments","55.13 %","57.64 %","n/a","0.00","No"
"Sorghum bicolor","1-to-1 View Gene Tree","SORBI_3001G515400 Compare Regions (1:78,238,291-78,240,062:1) View Sequence Alignments","81.95 %","82.55 %","n/a","99.53","Yes"
"Sphenostylis stenocarpa","Many-to-many View Gene Tree","gene-AYBTSS11_LOCUS10738 Compare Regions (OY731400.1:87,387,830-87,390,910:1) View Sequence Alignments","56.40 %","60.91 %","n/a","n/a","No"
"Sphenostylis stenocarpa","Many-to-many View Gene Tree","gene-AYBTSS11_LOCUS4032 Compare Regions (OY731399.1:1,585,571-1,590,454:-1) View Sequence Alignments","50.81 %","62.36 %","n/a","n/a","No"
"Sphenostylis stenocarpa","Many-to-many View Gene Tree","gene-AYBTSS11_LOCUS4817 Compare Regions (OY731399.1:8,395,878-8,405,317:1) View Sequence Alignments","47.07 %","46.73 %","n/a","n/a","No"
"Theobroma cacao Matina 1-6","Many-to-many View Gene Tree","TCM_000085 Compare Regions (1:356,641-360,640:1) View Sequence Alignments","59.86 %","64.00 %","n/a","95.55","Yes"
"Theobroma cacao Matina 1-6","Many-to-many View Gene Tree","TCM_000092 Compare Regions (1:386,134-389,882:-1) View Sequence Alignments","50.81 %","51.09 %","n/a","85.95","Yes"
"Theobroma cacao Matina 1-6","Many-to-many View Gene Tree","TCM_006468 Compare Regions (2:2,367,214-2,369,229:1) View Sequence Alignments","50.79 %","29.09 %","n/a","90.04","Yes"
"Theobroma cacao Matina 1-6","Many-to-many View Gene Tree","TCM_034378 Compare Regions (8:2,685,005-2,688,539:-1) View Sequence Alignments","64.86 %","65.45 %","n/a","100.00","Yes"
"Trifolium pratense","Many-to-many View Gene Tree","Tp57577_TGAC_v2_gene13531 Compare Regions (FKJA01032165.1:115-652:1) View Sequence Alignments","46.37 %","15.09 %","n/a","0.00","No"
"Trifolium pratense","Many-to-many View Gene Tree","Tp57577_TGAC_v2_gene166 Compare Regions (FKJA01002206.1:4,947-7,515:-1) View Sequence Alignments","42.80 %","40.55 %","n/a","83.70","Yes"
"Trifolium pratense","Many-to-many View Gene Tree","Tp57577_TGAC_v2_gene18301 Compare Regions (FKJA01000367.1:208,656-213,310:1) View Sequence Alignments","45.10 %","52.73 %","n/a","77.34","Yes"
"Trifolium pratense","Many-to-many View Gene Tree","Tp57577_TGAC_v2_gene18310 Compare Regions (FKJA01000367.1:194,476-198,200:1) View Sequence Alignments","55.39 %","59.82 %","n/a","95.64","Yes"
"Trifolium pratense","Many-to-many View Gene Tree","Tp57577_TGAC_v2_gene20313 Compare Regions (FKJA01015612.1:1-583:1) View Sequence Alignments","63.92 %","22.55 %","n/a","0.00","No"
"Trifolium pratense","Many-to-many View Gene Tree","Tp57577_TGAC_v2_gene34409 Compare Regions (FKJA01006031.1:988-2,433:1) View Sequence Alignments","33.48 %","13.45 %","n/a","0.00","No"
"Trifolium pratense","Many-to-many View Gene Tree","Tp57577_TGAC_v2_gene37904 Compare Regions (LG2:31,498,926-31,501,470:1) View Sequence Alignments","60.14 %","60.91 %","n/a","99.14","Yes"
"Trifolium pratense","Many-to-many View Gene Tree","Tp57577_TGAC_v2_gene37950 Compare Regions (LG2:31,493,306-31,496,086:1) View Sequence Alignments","55.44 %","56.55 %","n/a","12.09","No"
"Triticum aestivum","1-to-1 View Gene Tree","TraesCS4B02G329700 Compare Regions (4B:620,945,130-620,947,084:-1) View Sequence Alignments","80.33 %","80.18 %","n/a","0.00","No"
"Triticum aestivum","1-to-1 View Gene Tree","TraesCS4D02G326700 Compare Regions (4D:486,432,130-486,434,050:1) View Sequence Alignments","75.56 %","80.36 %","n/a","0.00","No"
"Triticum aestivum","1-to-1 View Gene Tree","TraesCS5A02G501200 Compare Regions (5A:666,750,219-666,752,226:-1) View Sequence Alignments","80.33 %","80.18 %","n/a","0.00","No"
"Triticum dicoccoides","1-to-1 View Gene Tree","TRIDC4BG055330 Compare Regions (4B:625,644,797-625,646,577:-1) View Sequence Alignments","80.33 %","80.18 %","n/a","0.00","No"
"Triticum dicoccoides","1-to-1 View Gene Tree","TRIDC5AG071290 Compare Regions (5A:659,437,338-659,500,925:-1) View Sequence Alignments","77.00 %","80.36 %","n/a","0.00","No"
"Triticum spelta","1-to-1 View Gene Tree","TraesTSP4B01G351100 Compare Regions (4B:616,061,098-616,062,747:-1) View Sequence Alignments","80.33 %","80.18 %","n/a","100.00","Yes"
"Triticum spelta","1-to-1 View Gene Tree","TraesTSP4D01G347300 Compare Regions (4D:485,600,868-485,602,625:1) View Sequence Alignments","75.56 %","80.36 %","n/a","97.18","Yes"
"Triticum spelta","1-to-1 View Gene Tree","TraesTSP5A01G529400 Compare Regions (5A:666,250,276-666,251,925:-1) View Sequence Alignments","80.51 %","80.36 %","n/a","100.00","Yes"
"Triticum timopheevii","1-to-1 View Gene Tree","Tritim_EIv0.3_0899100 Compare Regions (OY997268.1:587,067,056-587,068,881:-1) View Sequence Alignments","79.53 %","79.82 %","n/a","96.22","Yes"
"Triticum timopheevii","1-to-many View Gene Tree","Tritim_EIv0.3_1020220 Compare Regions (OY997269.1:646,181,948-646,183,953:-1) View Sequence Alignments","80.51 %","80.36 %","n/a","91.30","Yes"
"Triticum timopheevii","1-to-many View Gene Tree","Tritim_EIv0.3_1020620 Compare Regions (OY997269.1:647,343,018-647,344,782:1) View Sequence Alignments","80.33 %","80.18 %","n/a","96.94","Yes"
"Triticum turgidum","1-to-1 View Gene Tree","TRITD4Bv1G186850 Compare Regions (4B:623,913,849-623,915,498:-1) View Sequence Alignments","80.33 %","80.18 %","n/a","0.00","No"
"Triticum turgidum","1-to-1 View Gene Tree","TRITD5Av1G240530 Compare Regions (5A:625,450,254-625,451,903:-1) View Sequence Alignments","80.51 %","80.36 %","n/a","0.00","No"
"Triticum urartu","1-to-1 View Gene Tree","TuG1812G0500005136.01 Compare Regions (5:622,247,833-622,248,369:-1) View Sequence Alignments","78.49 %","24.55 %","n/a","n/a","No"
"Vicia faba","Many-to-many View Gene Tree","Vfaba.Hedin2.R1.1g350400 Compare Regions (OX451736.1:984,369,596-984,372,610:-1) View Sequence Alignments","44.44 %","41.45 %","n/a","n/a","No"
"Vicia faba","Many-to-many View Gene Tree","Vfaba.Hedin2.R1.1g390280 Compare Regions (OX451736.1:1,235,651,085-1,235,652,970:1) View Sequence Alignments","60.50 %","61.27 %","n/a","n/a","No"
"Vicia faba","Many-to-many View Gene Tree","Vfaba.Hedin2.R1.4g109320 Compare Regions (OX451739.1:723,837,281-723,839,418:1) View Sequence Alignments","53.38 %","54.55 %","n/a","n/a","No"
"Vicia faba","Many-to-many View Gene Tree","Vfaba.Hedin2.R1.4g109360 Compare Regions (OX451739.1:723,874,629-723,893,853:-1) View Sequence Alignments","49.23 %","57.82 %","n/a","n/a","No"
"Vigna angularis","Many-to-many View Gene Tree","LR48_Vigan01g170900 Compare Regions (1:23,843,605-23,846,321:1) View Sequence Alignments","60.58 %","60.91 %","n/a","0.00","No"
"Vigna angularis","Many-to-many View Gene Tree","LR48_Vigan06g055100 Compare Regions (6:5,438,689-5,440,068:-1) View Sequence Alignments","46.19 %","38.55 %","n/a","91.75","Yes"
"Vigna angularis","Many-to-many View Gene Tree","LR48_Vigan442s011000 Compare Regions (KQ258389:813,516-815,325:-1) View Sequence Alignments","62.50 %","62.73 %","n/a","99.10","Yes"
"Vigna radiata","Many-to-many View Gene Tree","Vradi07g01780 Compare Regions (7:2,952,349-2,958,742:-1) View Sequence Alignments","56.25 %","60.55 %","n/a","5.16","No"
"Vigna radiata","Many-to-many View Gene Tree","Vradi11g01420 Compare Regions (11:1,307,848-1,309,661:-1) View Sequence Alignments","62.50 %","62.73 %","n/a","98.71","Yes"
"Vigna radiata","Many-to-many View Gene Tree","Vradi11g06960 Compare Regions (11:7,010,663-7,017,275:1) View Sequence Alignments","46.72 %","46.55 %","n/a","86.13","Yes"
"Vigna unguiculata","Many-to-many View Gene Tree","Vigun02g115800.v1.2 Compare Regions (2:26,929,403-26,937,131:-1) View Sequence Alignments","46.90 %","46.73 %","n/a","n/a","No"
"Vigna unguiculata","Many-to-many View Gene Tree","Vigun02g185100.v1.2 Compare Regions (2:32,468,027-32,470,751:1) View Sequence Alignments","61.42 %","63.09 %","n/a","n/a","No"
"Vigna unguiculata","Many-to-many View Gene Tree","Vigun03g251800.v1.2 Compare Regions (3:41,802,396-41,805,552:1) View Sequence Alignments","56.49 %","60.91 %","n/a","n/a","No"
"Vitis vinifera","Many-to-many View Gene Tree","Vitis04g01739 Compare Regions (CP126651.1:22,432,338-22,435,899:1) View Sequence Alignments","53.28 %","53.09 %","n/a","n/a","No"
"Vitis vinifera","Many-to-many View Gene Tree","Vitis04g01750 Compare Regions (CP126651.1:22,568,364-22,570,826:-1) View Sequence Alignments","59.83 %","64.18 %","n/a","n/a","No"
"Vitis vinifera","Many-to-many View Gene Tree","Vitis04g01752 Compare Regions (CP126651.1:22,596,993-22,599,568:-1) View Sequence Alignments","59.83 %","64.18 %","n/a","n/a","No"
"Vitis vinifera","Many-to-many View Gene Tree","Vitis18g00110 Compare Regions (CP126665.1:997,162-1,000,406:-1) View Sequence Alignments","64.09 %","64.91 %","n/a","n/a","No"
"Zea mays","1-to-1 View Gene Tree","AAE1_2  (Zm00001eb002700) Compare Regions (1:7,509,171-7,511,704:-1) View Sequence Alignments","80.50 %","81.82 %","n/a","99.57","Yes"
